{
  "config": {
    "run_name": "exp1_1",
    "out_dir": "./results",
    "seed": 720817538,
    "device": null,
    "bs_train": 128,
    "bs_test": 32,
    "batches": 100,
    "epochs": 100,
    "early_stopping": 3,
    "checkpoints": null,
    "lr": 0.001,
    "reg": 0.001,
    "filters_per_layer": [
      32
    ],
    "pool_every": 8,
    "hidden_dims": [
      100
    ],
    "model_type": "cnn",
    "kw": {},
    "layers_per_block": 16
  },
  "results": {
    "num_epochs": 3,
    "train_loss": [
      2.2948594093322754,
      2.304197072982788,
      2.3107998371124268,
      2.2983906269073486,
      2.297420024871826,
      2.3051528930664062,
      2.304194211959839,
      2.296952247619629,
      2.3038291931152344,
      2.3070220947265625,
      2.3057475090026855,
      2.3027267456054688,
      2.301097869873047,
      2.306297540664673,
      2.3064329624176025,
      2.302050828933716,
      2.303255081176758,
      2.3030073642730713,
      2.298008441925049,
      2.3027403354644775,
      2.304630756378174,
      2.304466724395752,
      2.3056933879852295,
      2.296874761581421,
      2.307169198989868,
      2.3009819984436035,
      2.304625988006592,
      2.303447723388672,
      2.296741247177124,
      2.3065898418426514,
      2.304967164993286,
      2.305215358734131,
      2.305363178253174,
      2.306838035583496,
      2.30387544631958,
      2.2997677326202393,
      2.3026375770568848,
      2.3048272132873535,
      2.3022608757019043,
      2.3011744022369385,
      2.3045525550842285,
      2.3017163276672363,
      2.298137664794922,
      2.3029885292053223,
      2.3048813343048096,
      2.306954860687256,
      2.304694175720215,
      2.301173448562622,
      2.3019492626190186,
      2.3022141456604004,
      2.3015501499176025,
      2.3033125400543213,
      2.30143141746521,
      2.3045778274536133,
      2.3042397499084473,
      2.3025741577148438,
      2.3020565509796143,
      2.301443576812744,
      2.3021020889282227,
      2.298898935317993,
      2.3011257648468018,
      2.306094169616699,
      2.3015389442443848,
      2.303079843521118,
      2.3043644428253174,
      2.3080835342407227,
      2.3043811321258545,
      2.3081650733947754,
      2.3040590286254883,
      2.3039700984954834,
      2.304506301879883,
      2.297339677810669,
      2.3034322261810303,
      2.2997679710388184,
      2.3034427165985107,
      2.3010425567626953,
      2.306486129760742,
      2.3020880222320557,
      2.3040473461151123,
      2.302506923675537,
      2.304857015609741,
      2.3051764965057373,
      2.307374954223633,
      2.3009581565856934,
      2.3034744262695312,
      2.3035664558410645,
      2.3067259788513184,
      2.302401542663574,
      2.303670883178711,
      2.3015873432159424,
      2.302750587463379,
      2.3057713508605957,
      2.302316188812256,
      2.304227828979492,
      2.3034842014312744,
      2.3036892414093018,
      2.3031246662139893,
      2.3015358448028564,
      2.3014376163482666,
      2.3021955490112305,
      2.301943778991699,
      2.3036561012268066,
      2.3040294647216797,
      2.3039045333862305,
      2.299180746078491,
      2.3014538288116455,
      2.3025472164154053,
      2.300570011138916,
      2.3000690937042236,
      2.3016648292541504,
      2.307034969329834,
      2.305342435836792,
      2.3021726608276367,
      2.3025479316711426,
      2.2989156246185303,
      2.305344343185425,
      2.3002099990844727,
      2.299916982650757,
      2.298340320587158,
      2.29984974861145,
      2.306213617324829,
      2.306027412414551,
      2.299489974975586,
      2.301435708999634,
      2.3025877475738525,
      2.302922248840332,
      2.303189277648926,
      2.3020501136779785,
      2.3056397438049316,
      2.3033993244171143,
      2.301196575164795,
      2.307377576828003,
      2.3010265827178955,
      2.30362868309021,
      2.3059442043304443,
      2.304781675338745,
      2.3046317100524902,
      2.3026363849639893,
      2.3031554222106934,
      2.304507255554199,
      2.3041980266571045,
      2.307518243789673,
      2.3053152561187744,
      2.306262731552124,
      2.3007264137268066,
      2.3030576705932617,
      2.3052356243133545,
      2.3030872344970703,
      2.3015925884246826,
      2.301781415939331,
      2.3018829822540283,
      2.3034729957580566,
      2.30232310295105,
      2.3035800457000732,
      2.303431510925293,
      2.303299903869629,
      2.3033571243286133,
      2.302649974822998,
      2.303687572479248,
      2.3018693923950195,
      2.302899122238159,
      2.3021373748779297,
      2.301091194152832,
      2.3031044006347656,
      2.3033149242401123,
      2.3014745712280273,
      2.3038394451141357,
      2.2991647720336914,
      2.3044161796569824,
      2.302379608154297,
      2.299889326095581,
      2.3048386573791504,
      2.3033676147460938,
      2.3040757179260254,
      2.3039157390594482,
      2.301711082458496,
      2.304644823074341,
      2.303696393966675,
      2.300839424133301,
      2.303544044494629,
      2.3021132946014404,
      2.299532413482666,
      2.3011386394500732,
      2.301914691925049,
      2.304750680923462,
      2.297245979309082,
      2.302774429321289,
      2.3034749031066895,
      2.302841901779175,
      2.3010735511779785,
      2.3054001331329346,
      2.3034329414367676,
      2.302537202835083,
      2.3034257888793945,
      2.300992250442505,
      2.304323434829712,
      2.305110216140747,
      2.301546335220337,
      2.3040683269500732,
      2.3021676540374756,
      2.3034539222717285,
      2.301779270172119,
      2.3008220195770264,
      2.302380323410034,
      2.303708076477051,
      2.303586959838867,
      2.301677942276001,
      2.301177978515625,
      2.302370309829712,
      2.3010075092315674,
      2.3028011322021484,
      2.300466537475586,
      2.3011558055877686,
      2.2987616062164307,
      2.3028218746185303,
      2.3033196926116943,
      2.300243616104126,
      2.2999017238616943,
      2.3013956546783447,
      2.304957866668701,
      2.3060684204101562,
      2.3094913959503174,
      2.3073580265045166,
      2.3027634620666504,
      2.3017256259918213,
      2.301690101623535,
      2.304325819015503,
      2.3022239208221436,
      2.3027536869049072,
      2.300696611404419,
      2.298943519592285,
      2.3037726879119873,
      2.3032891750335693,
      2.3018839359283447,
      2.3016746044158936,
      2.3057470321655273,
      2.3045477867126465,
      2.3033857345581055,
      2.3042898178100586,
      2.3035213947296143,
      2.30108904838562,
      2.3019423484802246,
      2.3040761947631836,
      2.3044824600219727,
      2.3063576221466064,
      2.3051090240478516,
      2.3047728538513184,
      2.298936605453491,
      2.3043439388275146,
      2.301245927810669,
      2.3030359745025635,
      2.2997474670410156,
      2.3031790256500244,
      2.3012893199920654,
      2.302168846130371,
      2.2994511127471924,
      2.303034543991089,
      2.303391218185425,
      2.303863286972046,
      2.3041634559631348,
      2.304389238357544,
      2.301499605178833,
      2.302290439605713,
      2.3007137775421143,
      2.302243947982788,
      2.3040401935577393,
      2.3032641410827637,
      2.301450729370117,
      2.3048393726348877,
      2.304011583328247,
      2.303539276123047,
      2.302241325378418,
      2.301381826400757,
      2.303372859954834,
      2.3033180236816406,
      2.302403211593628,
      2.303739070892334,
      2.30135178565979,
      2.30171537399292,
      2.3028738498687744,
      2.3022513389587402,
      2.3038625717163086,
      2.301347017288208,
      2.3036036491394043,
      2.3004355430603027,
      2.3003435134887695,
      2.3021862506866455,
      2.3014652729034424,
      2.3066842555999756,
      2.3013346195220947,
      2.300671100616455,
      2.3031108379364014,
      2.3009192943573,
